{"products":[{"id":"0.42143114816810545","quantity":1}],"totalPrice":20.00999999999999}